gameday,kickoff_et,season,week,source_order,away_team,home_team,away_team_name,home_team_name,bookmaker,total_line,projected_total_points,projected_total_edge,over_odds,under_odds,model_over_prob,model_under_prob,edge_over_vs_market,edge_under_vs_market,recommended_total_side,recommended_total_ev_per_dollar,fair_over_odds,fair_under_odds,confidence_over_pct,confidence_under_pct,recommended_total_confidence_pct
2026-09-10 00:20:00+00:00,2026-09-09 08:20 PM ET,2026,1,1.0,NE,SEA,New England Patriots,Seattle Seahawks,,44.5,48.9384170065844,4.438417006584402,-112.0,-108.0,0.6266763741277567,0.3733236258722433,0.12234662005778785,-0.12234662005778785,OVER,0.18620885102753948,-168,168,99.04976066710545,4.742587317756681,99.04976066710545
2026-09-11 00:35:00+00:00,2026-09-10 08:35 PM ET,2026,1,2.0,SF,LA,San Francisco 49ers,Los Angeles Rams,,48.5,53.7699445308469,5.2699445308468995,-105.0,-115.0,0.649358293424768,0.35064170657523197,0.1601925296111169,-0.16019252961111685,OVER,0.26779476335311847,-185,185,99.90998360729084,4.742587317756681,99.90998360729084
2026-09-13 17:00:00+00:00,2026-09-13 01:00 PM ET,2026,1,3.0,ATL,PIT,Atlanta Falcons,Pittsburgh Steelers,,41.5,43.77298117079165,2.2729811707916525,-115.0,-105.0,0.5657034021781483,0.4342965978218517,0.05486916599179947,-0.05486916599179942,OVER,0.057619404072190294,-130,130,60.571196552545494,4.742587317756681,60.571196552545494
2026-09-13 17:00:00+00:00,2026-09-13 01:00 PM ET,2026,1,4.0,BAL,IND,Baltimore Ravens,Indianapolis Colts,,47.5,50.62837096852678,3.128370968526781,-115.0,-105.0,0.5900632863205276,0.4099367136794724,0.0792290501341788,-0.07922905013417875,OVER,0.10316179616446464,-144,144,87.56444832310649,4.742587317756681,87.56444832310649
2026-09-13 17:00:00+00:00,2026-09-13 01:00 PM ET,2026,1,5.0,BUF,HOU,Buffalo Bills,Houston Texans,,44.5,50.63023269881108,6.130232698811078,-118.0,-104.0,0.6722762087373265,0.3277237912626735,0.15730102475649477,-0.1573010247564947,OVER,0.24200180936217952,-205,205,99.89217251799319,4.742587317756681,99.89217251799319
2026-09-13 17:00:00+00:00,2026-09-13 01:00 PM ET,2026,1,6.0,CHI,CAR,Chicago Bears,Carolina Panthers,,47.5,44.82802409614647,-2.6719759038535287,-102.0,-120.0,0.4228970111032452,0.5771029888967548,-0.05782278324122786,0.057822783241227804,UNDER,0.05802214631071717,136,-136,4.742587317756681,64.88353882451513,64.88353882451513
2026-09-13 17:00:00+00:00,2026-09-13 01:00 PM ET,2026,1,7.0,TB,CIN,Tampa Bay Buccaneers,Cincinnati Bengals,,50.5,45.961531719526185,-4.538468280473815,-112.0,-108.0,0.3705693081618374,0.6294306918381626,-0.1337604459081314,0.1337604459081314,UNDER,0.21223688798460938,170,-170,4.742587317756681,99.53212187995165,99.53212187995165
2026-09-13 17:00:00+00:00,2026-09-13 01:00 PM ET,2026,1,8.0,CLE,JAX,Cleveland Browns,Jacksonville Jaguars,,40.5,45.97708308167605,5.477083081676049,-108.0,-112.0,0.654930251545443,0.34506974845455696,0.15926000561541187,-0.15926000561541187,OVER,0.261347151124557,-190,190,99.90458645751917,4.742587317756681,99.90458645751917
2026-09-13 17:00:00+00:00,2026-09-13 01:00 PM ET,2026,1,9.0,NO,DET,New Orleans Saints,Detroit Lions,,49.5,51.533311616214554,2.0333116162145544,-115.0,-105.0,0.5588288632813652,0.44117113671863484,0.04799462709501634,-0.047994627095016285,OVER,0.04476700526516092,-127,127,49.99160483604193,4.742587317756681,49.99160483604193
2026-09-13 17:00:00+00:00,2026-09-13 01:00 PM ET,2026,1,10.0,NYJ,TEN,New York Jets,Tennessee Titans,,38.5,44.26874632430571,5.7687463243057095,-110.0,-110.0,0.6627190439997037,0.3372809560002963,0.16271904399970372,-0.16271904399970372,OVER,0.2651909021812525,-196,196,99.92312227734874,4.742587317756681,99.92312227734874
2026-09-13 20:25:00+00:00,2026-09-13 04:25 PM ET,2026,1,11.0,ARI,LAC,Arizona Cardinals,Los Angeles Chargers,,47.5,45.57886533900417,-1.9211346609958326,-104.0,-118.0,0.4443949843195826,0.5556050156804174,-0.04062983169958562,0.04062983169958567,UNDER,0.026456723884160982,125,-125,4.742587317756681,38.68350719746186,38.68350719746186
2026-09-13 20:25:00+00:00,2026-09-13 04:25 PM ET,2026,1,12.0,GB,MIN,Green Bay Packers,Minnesota Vikings,,46.5,44.05866770403293,-2.4413322959670722,-110.0,-110.0,0.42947944012563133,0.5705205598743687,-0.07052055987436867,0.07052055987436867,UNDER,0.08917561430561294,133,-133,4.742587317756681,80.33768560397354,80.33768560397354
2026-09-13 20:25:00+00:00,2026-09-13 04:25 PM ET,2026,1,13.0,MIA,LV,Miami Dolphins,Las Vegas Raiders,,40.5,44.687068453231994,4.187068453231994,-114.0,-106.0,0.6197286551842678,0.3802713448157322,0.11106464548057693,-0.11106464548057693,OVER,0.1633502825388886,-163,163,98.09516061688998,4.742587317756681,98.09516061688998
2026-09-13 20:25:00+00:00,2026-09-13 04:25 PM ET,2026,1,14.0,WAS,PHI,Washington Commanders,Philadelphia Eagles,,44.5,40.05112154050447,-4.448878459495532,-112.0,-108.0,0.3730353259138628,0.6269646740861372,-0.13129442815610604,0.13129442815610604,UNDER,0.2074875204621902,168,-168,4.742587317756681,99.45458084801183,99.45458084801183
2026-09-14 00:20:00+00:00,2026-09-13 08:20 PM ET,2026,1,15.0,DAL,NYG,Dallas Cowboys,New York Giants,,48.5,45.5833113625266,-2.916688637473399,-105.0,-115.0,0.4159365570072177,0.5840634429927822,-0.07322920680643341,0.07322920680643341,UNDER,0.09194469776911462,140,-140,4.742587317756681,82.87544508213297,82.87544508213297
2026-09-15 00:15:00+00:00,2026-09-14 08:15 PM ET,2026,1,16.0,DEN,KC,Denver Broncos,Kansas City Chiefs,,43.5,37.853149055369286,-5.646850944630714,-108.0,-112.0,0.3405278998209597,0.6594721001790402,-0.15514234610907146,0.1551423461090714,UNDER,0.24828647533889758,194,-194,4.742587317756681,99.87661688875356,99.87661688875356
2026-09-18 00:15:00+00:00,2026-09-17 08:15 PM ET,2026,2,17.0,DET,BUF,Detroit Lions,Buffalo Bills,,52.5,49.046491075900306,-3.453508924099694,-110.0,-110.0,0.4007625195027451,0.5992374804972549,-0.09923748049725489,0.09923748049725489,UNDER,0.1439988264038502,150,-150,4.742587317756681,96.09223356905038,96.09223356905038
2026-09-20 17:00:00+00:00,2026-09-20 01:00 PM ET,2026,2,18.0,CAR,ATL,Carolina Panthers,Atlanta Falcons,,43.5,44.479795619184294,0.9797956191842943,-110.0,-110.0,0.5284274005380775,0.47157259946192254,0.028427400538077463,-0.028427400538077463,OVER,0.008815946481784243,-112,112,22.73584350540343,4.742587317756681,22.73584350540343
2026-09-20 17:00:00+00:00,2026-09-20 01:00 PM ET,2026,2,19.0,NO,BAL,New Orleans Saints,Baltimore Ravens,,46.5,44.92193023004938,-1.5780697699506234,-118.0,-104.0,0.4542762631698257,0.5457237368301743,-0.06069892081100603,0.060698920811006085,UNDER,0.07045809916688028,120,-120,4.742587317756681,68.86214981741728,68.86214981741728
2026-09-20 17:00:00+00:00,2026-09-20 01:00 PM ET,2026,2,20.0,MIN,CHI,Minnesota Vikings,Chicago Bears,,46.5,41.64027326749182,-4.859726732508179,-110.0,-110.0,0.36177075051021046,0.6382292494897895,-0.13822924948978954,0.13822924948978954,UNDER,0.21843765811687088,176,-176,4.742587317756681,99.64573386642623,99.64573386642623
2026-09-20 17:00:00+00:00,2026-09-20 01:00 PM ET,2026,2,21.0,CIN,HOU,Cincinnati Bengals,Houston Texans,,46.5,50.76661438795084,4.266614387950838,-110.0,-110.0,0.6219317474652953,0.37806825253470466,0.12193174746529534,-0.12193174746529534,OVER,0.1873242451610183,-165,165,99.02504254364865,4.742587317756681,99.02504254364865
2026-09-20 17:00:00+00:00,2026-09-20 01:00 PM ET,2026,2,22.0,CLE,TB,Cleveland Browns,Tampa Bay Buccaneers,,40.5,42.16726825669665,1.6672682566966515,-105.0,-115.0,0.5482958920644372,0.4517041079355628,0.05913012825078606,-0.05913012825078601,OVER,0.07048245593532976,-121,121,66.72188454145885,4.742587317756681,66.72188454145885
2026-09-20 17:00:00+00:00,2026-09-20 01:00 PM ET,2026,2,23.0,GB,NYJ,Green Bay Packers,New York Jets,,42.5,42.27296023448879,-0.22703976551120775,-118.0,-104.0,0.49340747414839586,0.5065925258516042,-0.02156770983243589,0.021567709832436,UNDER,-0.006299276214160987,103,-103,4.742587317756681,16.08363793147231,16.08363793147231
2026-09-20 17:00:00+00:00,2026-09-20 01:00 PM ET,2026,2,24.0,PIT,NE,Pittsburgh Steelers,New England Patriots,,43.5,47.06485519171354,3.5648551917135407,-105.0,-115.0,0.6023669951479536,0.39763300485204645,0.11320123133430243,-0.11320123133430238,OVER,0.17604984766981402,-151,151,98.32929607175211,4.742587317756681,98.32929607175211
2026-09-20 17:00:00+00:00,2026-09-20 01:00 PM ET,2026,2,25.0,PHI,TEN,Philadelphia Eagles,Tennessee Titans,,41.5,43.89927376741132,2.399273767411323,-115.0,-105.0,0.5693180620016661,0.4306819379983339,0.0584838258153173,-0.05848382581531725,OVER,0.064377246350941,-132,132,65.81901118451653,4.742587317756681,65.81901118451653
2026-09-20 20:05:00+00:00,2026-09-20 04:05 PM ET,2026,2,26.0,JAX,DEN,Jacksonville Jaguars,Denver Broncos,,44.5,48.18735664186561,3.6873566418656125,-118.0,-104.0,0.6058024362805812,0.39419756371941883,0.09082725229974942,-0.09082725229974936,OVER,0.11919433143361602,-154,154,93.56378805270377,4.742587317756681,93.56378805270377
2026-09-20 20:05:00+00:00,2026-09-20 04:05 PM ET,2026,2,27.0,LV,LAC,Las Vegas Raiders,Los Angeles Chargers,,42.5,40.123848780742385,-2.376151219257615,-118.0,-104.0,0.43134331078703586,0.5686566892129641,-0.08363187319379589,0.08363187319379589,UNDER,0.11544196730235268,132,-132,4.742587317756681,90.26473571923972,90.26473571923972
2026-09-20 20:25:00+00:00,2026-09-20 04:25 PM ET,2026,2,28.0,SEA,ARI,Seattle Seahawks,Arizona Cardinals,,44.5,45.32208316106897,0.8220831610689672,-102.0,-120.0,0.5238575764523662,0.4761424235476338,0.04313778210789315,-0.04313778210789321,OVER,0.03744343571939179,-110,110,42.46071544317961,4.742587317756681,42.46071544317961
2026-09-20 20:25:00+00:00,2026-09-20 04:25 PM ET,2026,2,29.0,WAS,DAL,Washington Commanders,Dallas Cowboys,,51.5,47.00024065640479,-4.499759343595208,-115.0,-105.0,0.37163415107118736,0.6283658489288126,-0.13920008511516146,0.13920008511516152,UNDER,0.22680951457530085,169,-169,4.742587317756681,99.66652103735463,99.66652103735463
2026-09-20 20:25:00+00:00,2026-09-20 04:25 PM ET,2026,2,30.0,MIA,SF,Miami Dolphins,San Francisco 49ers,,45.5,46.905803460984465,1.4058034609844654,-118.0,-104.0,0.5407508746370076,0.45924912536299245,0.025775690656175798,-0.025775690656175743,OVER,-0.0009856722807826679,-118,118,19.956436074205715,4.742587317756681,19.956436074205715
2026-09-21 00:20:00+00:00,2026-09-20 08:20 PM ET,2026,2,31.0,IND,KC,Indianapolis Colts,Kansas City Chiefs,,46.5,40.768118266472854,-5.731881733527146,-110.0,-110.0,0.3382616591580613,0.6617383408419387,-0.16173834084193872,0.16173834084193872,UNDER,0.26331865069824667,196,-196,4.742587317756681,99.91826670101374,99.91826670101374
2026-09-22 00:15:00+00:00,2026-09-21 08:15 PM ET,2026,2,32.0,NYG,LA,New York Giants,Los Angeles Rams,,47.5,52.68123023072812,5.181230230728119,-110.0,-110.0,0.6469619603645022,0.35303803963549785,0.14696196036450215,-0.14696196036450215,OVER,0.23510919705950406,-183,183,99.79443850979014,4.742587317756681,99.79443850979014
2026-09-24 00:00:00,2026-09-24 08:15 PM ET,2026,3,,ATL,GB,ATL,GB,nflverse,46.5,43.39754159414437,-3.1024584058556286,-110.0,-110.0,0.4106700678854315,0.5893299321145685,-0.08932993211456852,0.08932993211456852,UNDER,0.12508441585508534,144,-144,4.742587317756681,92.97673282041956,92.97673282041956
2026-09-27 00:00:00,2026-09-27 04:05 PM ET,2026,3,,ARI,SF,ARI,SF,nflverse,46.5,46.627836046111284,0.12783604611128396,-110.0,-110.0,0.503712074997971,0.496287925002029,0.0037120749979709933,-0.0037120749979709933,OVER,-0.0383678568220554,-101,101,5.907835177687709,4.742587317756681,5.907835177687709
2026-09-27 00:00:00,2026-09-27 04:25 PM ET,2026,3,,BAL,DAL,BAL,DAL,nflverse,51.5,47.814295378558086,-3.6857046214419142,-110.0,-110.0,0.39424383906625726,0.6057561609337427,-0.10575616093374274,0.10575616093374274,UNDER,0.15644357996441793,154,-154,4.742587317756681,97.36545262376019,97.36545262376019
2026-09-27 00:00:00,2026-09-27 01:00 PM ET,2026,3,,CAR,CLE,CAR,CLE,nflverse,39.5,40.91576537468056,1.4157653746805607,-110.0,-110.0,0.5410386294915128,0.4589613705084872,0.041038629491512824,-0.041038629491512824,OVER,0.032891929029251754,-118,118,39.29125798333718,4.742587317756681,39.29125798333718
2026-09-27 00:00:00,2026-09-27 01:00 PM ET,2026,3,,CIN,PIT,CIN,PIT,nflverse,46.5,44.26579840140434,-2.2342015985956607,-118.0,-102.0,0.4354076378712355,0.5645923621287645,-0.08195648784503462,0.08195648784503473,UNDER,0.11811428578441596,130,-130,4.742587317756681,89.30499384419878,89.30499384419878
2026-09-27 00:00:00,2026-09-27 01:00 PM ET,2026,3,,HOU,IND,HOU,IND,nflverse,45.5,45.12825743738591,-0.371742562614088,-110.0,-110.0,0.48920658253197713,0.5107934174680229,-0.01079341746802287,0.01079341746802287,UNDER,-0.02484893028831997,104,-104,4.742587317756681,8.904015194590295,8.904015194590295
2026-09-27 00:00:00,2026-09-27 01:00 PM ET,2026,3,,KC,MIA,KC,MIA,nflverse,44.5,40.12274748573719,-4.377252514262807,-110.0,-110.0,0.3750106307303219,0.6249893692696781,-0.12498936926967807,0.12498936926967807,UNDER,0.1931615231512036,167,-167,4.742587317756681,99.19326933655391,99.19326933655391
2026-09-27 00:00:00,2026-09-27 08:20 PM ET,2026,3,,LA,DEN,LA,DEN,nflverse,45.5,49.2107763853458,3.7107763853458025,-110.0,-110.0,0.6064582943101579,0.39354170568984215,0.10645829431015785,-0.10645829431015785,OVER,0.15778401641030138,-154,154,97.47571002630717,4.742587317756681,97.47571002630717
2026-09-27 00:00:00,2026-09-27 01:00 PM ET,2026,3,,LAC,BUF,LAC,BUF,nflverse,48.5,44.30671778684483,-4.193282213155172,-110.0,-110.0,0.38009910848275985,0.6199008915172401,-0.11990089151724015,0.11990089151724015,UNDER,0.183447156532913,163,-163,4.742587317756681,98.89455446121504,98.89455446121504
2026-09-27 00:00:00,2026-09-27 04:25 PM ET,2026,3,,LV,NO,LV,NO,nflverse,42.5,44.401316817277205,1.9013168172772055,-110.0,-110.0,0.5550350828951339,0.4449649171048661,0.055035082895133924,-0.055035082895133924,OVER,0.05961243098161928,-125,125,60.818580033194365,4.742587317756681,60.818580033194365
2026-09-27 00:00:00,2026-09-27 04:05 PM ET,2026,3,,MIN,TB,MIN,TB,nflverse,44.5,41.07565894456072,-3.424341055439278,-110.0,-110.0,0.4015833786826414,0.5984166213173586,-0.09841662131735862,0.09841662131735862,UNDER,0.14243173160586642,149,-149,4.742587317756681,95.89496351784547,95.89496351784547
2026-09-27 00:00:00,2026-09-27 01:00 PM ET,2026,3,,NYJ,DET,NYJ,DET,nflverse,45.5,47.88541756794963,2.385417567949631,-110.0,-110.0,0.5689217572230578,0.4310782427769422,0.06892175722305782,-0.06892175722305782,OVER,0.08612335469856491,-132,132,78.71129184970347,4.742587317756681,78.71129184970347
2026-09-27 00:00:00,2026-09-27 01:00 PM ET,2026,3,,SEA,WAS,SEA,WAS,nflverse,46.5,42.98089571698127,-3.519104283018727,-110.0,-110.0,0.39891810186657806,0.6010818981334219,-0.10108189813342194,0.10108189813342194,UNDER,0.14751998734562366,151,-151,4.742587317756681,96.50283124531148,96.50283124531148
2026-09-27 00:00:00,2026-09-27 01:00 PM ET,2026,3,,TEN,NYG,TEN,NYG,nflverse,44.5,45.72433097109418,1.224330971094183,-110.0,-110.0,0.5355053644826051,0.4644946355173949,0.035505364482605106,-0.035505364482605106,OVER,0.022328423103155193,-115,115,31.412277648593516,4.742587317756681,31.412277648593516
2026-09-28 00:00:00,2026-09-28 08:15 PM ET,2026,3,,PHI,CHI,PHI,CHI,nflverse,46.5,43.180300643756325,-3.3196993562436745,-110.0,-110.0,0.40453181727008436,0.5954681827299156,-0.09546818272991564,0.09546818272991564,UNDER,0.1368028943025662,147,-147,4.742587317756681,95.1049727761279,95.1049727761279
2026-10-01 00:00:00,2026-10-01 08:15 PM ET,2026,4,,PIT,CLE,PIT,CLE,nflverse,40.5,40.25586576376277,-0.24413423623722963,-110.0,-110.0,0.4929111545121394,0.5070888454878606,-0.0070888454878605955,0.0070888454878605955,UNDER,-0.03192129497772067,103,-103,4.742587317756681,7.196115327703572,7.196115327703572
2026-10-04 00:00:00,2026-10-04 01:00 PM ET,2026,4,,ARI,NYG,ARI,NYG,nflverse,45.5,45.59651341219992,0.09651341219991849,-110.0,-110.0,0.5028025526317836,0.49719744736821636,0.002802552631783639,-0.002802552631783639,OVER,-0.04010421770295852,-101,101,5.599651186570045,4.742587317756681,5.599651186570045
2026-10-04 00:00:00,2026-10-04 01:00 PM ET,2026,4,,DAL,HOU,DAL,HOU,nflverse,47.5,48.643618060088286,1.1436180600882864,-110.0,-110.0,0.5331702974467906,0.46682970255320944,0.033170297446790564,-0.033170297446790564,OVER,0.017870567852963815,-114,114,28.356291583277574,4.742587317756681,28.356291583277574
2026-10-04 00:00:00,2026-10-04 04:25 PM ET,2026,4,,DEN,SF,DEN,SF,nflverse,46.5,46.21232958901073,-0.2876704109892714,-110.0,-110.0,0.4916471796909642,0.5083528203090357,-0.00835282030903578,0.008352820309035724,UNDER,-0.029508252137295465,103,-103,4.742587317756681,7.741858700177636,7.741858700177636
2026-10-04 00:00:00,2026-10-04 08:20 PM ET,2026,4,,DET,CAR,DET,CAR,nflverse,47.5,44.8316834630816,-2.6683165369183968,-110.0,-110.0,0.42300128441975154,0.5769987155802485,-0.07699871558024846,0.07699871558024851,UNDER,0.10154300247138348,136,-136,4.742587317756681,85.96540655458928,85.96540655458928
2026-10-04 00:00:00,2026-10-04 01:00 PM ET,2026,4,,GB,TB,GB,TB,nflverse,47.5,42.64371945260483,-4.856280547395173,-110.0,-110.0,0.361864756833824,0.638135243166176,-0.13813524316617598,0.13813524316617598,UNDER,0.21825819149906323,176,-176,4.742587317756681,99.64365372521658,99.64365372521658
2026-10-04 00:00:00,2026-10-04 09:30 AM ET,2026,4,,IND,WAS,IND,WAS,nflverse,50.5,44.942239827751806,-5.557760172248194,-110.0,-110.0,0.34290853837091684,0.6570914616290832,-0.15709146162908316,0.15709146162908316,UNDER,0.2544473358373406,192,-192,4.742587317756681,99.89075249011866,99.89075249011866
2026-10-04 00:00:00,2026-10-04 01:00 PM ET,2026,4,,JAX,CIN,JAX,CIN,nflverse,51.5,49.11879161626752,-2.381208383732478,-110.0,-110.0,0.4311986445159885,0.5688013554840115,-0.0688013554840115,0.06880135548401145,UNDER,0.08589349683311276,132,-132,4.742587317756681,78.58492405560176,78.58492405560176
2026-10-04 00:00:00,2026-10-04 04:25 PM ET,2026,4,,KC,LV,KC,LV,nflverse,43.5,38.32919350299115,-5.170806497008847,-110.0,-110.0,0.35331998870820747,0.6466800112917925,-0.14668001129179253,0.14668001129179253,UNDER,0.23457093064796752,183,-183,4.742587317756681,99.79079168362934,99.79079168362934
2026-10-04 00:00:00,2026-10-04 01:00 PM ET,2026,4,,LA,PHI,LA,PHI,nflverse,47.5,47.91689922223531,0.4168992222353083,-110.0,-110.0,0.5121041449567049,0.48789585504329513,0.012104144956704865,-0.012104144956704865,OVER,-0.022346632355381646,-105,105,9.591240375121947,4.742587317756681,9.591240375121947
2026-10-04 00:00:00,2026-10-04 04:25 PM ET,2026,4,,LAC,SEA,LAC,SEA,nflverse,45.5,42.68800187339502,-2.8119981266049834,-110.0,-110.0,0.4189112150159241,0.5810887849840759,-0.0810887849840759,0.0810887849840759,UNDER,0.1093513167877812,139,-139,4.742587317756681,88.77587107339593,88.77587107339593
2026-10-04 00:00:00,2026-10-04 04:05 PM ET,2026,4,,MIA,MIN,MIA,MIN,nflverse,43.5,45.94009773514116,2.4400977351411584,-110.0,-110.0,0.5704852717361448,0.42951472826385517,0.07048527173614483,-0.07048527173614483,OVER,0.08910824604173107,-133,133,80.30282352974388,4.742587317756681,80.30282352974388
2026-10-04 00:00:00,2026-10-04 01:00 PM ET,2026,4,,NE,BUF,NE,BUF,nflverse,49.5,48.218053761764544,-1.2819462382354558,-110.0,-110.0,0.46282853843843114,0.5371714615615688,-0.037171461561568864,0.03717146156156881,UNDER,0.0255091538902677,116,-116,4.742587317756681,33.69795356863771,33.69795356863771
2026-10-04 00:00:00,2026-10-04 01:00 PM ET,2026,4,,NYJ,CHI,NYJ,CHI,nflverse,45.5,43.51131011728619,-1.9886898827138069,-110.0,-110.0,0.44245306375183463,0.5575469362481653,-0.05754693624816537,0.057546936248165315,UNDER,0.06440778738286101,126,-126,4.742587317756681,64.48971808283088,64.48971808283088
2026-10-04 00:00:00,2026-10-04 01:00 PM ET,2026,4,,TEN,BAL,TEN,BAL,nflverse,47.5,46.314372349540726,-1.1856276504592742,-110.0,-110.0,0.46561419537318705,0.534385804626813,-0.034385804626812955,0.034385804626812955,UNDER,0.020191081560279267,115,-115,4.742587317756681,29.924677793249813,29.924677793249813
2026-10-05 00:00:00,2026-10-05 08:15 PM ET,2026,4,,ATL,NO,ATL,NO,nflverse,45.5,45.680517900345194,0.180517900345194,-115.0,-105.0,0.5052417639088247,0.4947582360911753,-0.00559247227752413,0.005592472277524185,OVER,-0.05541757182263213,-102,102,4.742587317756681,6.596001746735008,4.742587317756681
2026-10-08 00:00:00,2026-10-08 08:15 PM ET,2026,5,,TB,DAL,TB,DAL,nflverse,52.5,45.89625128989733,-6.603748710102671,-110.0,-110.0,0.315374294857589,0.684625705142411,-0.184625705142411,0.18462570514241095,UNDER,0.30701270981733,217,-217,4.742587317756681,99.98043732825195,99.98043732825195
2026-10-11 00:00:00,2026-10-11 08:20 PM ET,2026,5,,BAL,ATL,BAL,ATL,nflverse,48.5,46.26334713605592,-2.23665286394408,-110.0,-110.0,0.43533739358981727,0.5646626064101827,-0.06466260641018273,0.06466260641018273,UNDER,0.07799224860125797,130,-130,4.742587317756681,73.91225341994188,73.91225341994188
2026-10-11 00:00:00,2026-10-11 04:25 PM ET,2026,5,,CHI,GB,CHI,GB,nflverse,49.5,43.03708450358269,-6.46291549641731,-110.0,-110.0,0.31902659400235156,0.6809734059976484,-0.18097340599764844,0.18097340599764844,UNDER,0.30004013872278334,213,-213,4.742587317756681,99.97542224458694,99.97542224458694
2026-10-11 00:00:00,2026-10-11 01:00 PM ET,2026,5,,CIN,MIA,CIN,MIA,nflverse,49.5,45.55229701153542,-3.9477029884645773,-110.0,-110.0,0.3869239735895071,0.6130760264104929,-0.11307602641049291,0.11307602641049286,UNDER,0.17041786860184993,158,-158,4.742587317756681,98.31639198708575,98.31639198708575
2026-10-11 00:00:00,2026-10-11 01:00 PM ET,2026,5,,CLE,NYJ,CLE,NYJ,nflverse,39.5,40.946776849457166,1.4467768494571658,-110.0,-110.0,0.5419342731127221,0.45806572688727787,0.04193427311272213,-0.04193427311272213,OVER,0.03460179412428771,-118,118,40.634207139778105,4.742587317756681,40.634207139778105
2026-10-11 00:00:00,2026-10-11 04:05 PM ET,2026,5,,DEN,LAC,DEN,LAC,nflverse,44.5,43.056866709401625,-1.4431332905983751,-110.0,-110.0,0.4581709457047527,0.5418290542952473,-0.0418290542952473,0.0418290542952473,UNDER,0.034400921836381215,118,-118,4.742587317756681,40.475669449066324,40.475669449066324
2026-10-11 00:00:00,2026-10-11 04:25 PM ET,2026,5,,DET,ARI,DET,ARI,nflverse,48.5,46.575572949225204,-1.9244270507747956,-110.0,-110.0,0.4443003110113052,0.5556996889886948,-0.05569968898869482,0.05569968898869482,UNDER,0.060881224432962844,125,-125,4.742587317756681,61.803841188297106,61.803841188297106
2026-10-11 00:00:00,2026-10-11 01:00 PM ET,2026,5,,HOU,TEN,HOU,TEN,nflverse,43.5,44.81399485630712,1.3139948563071187,-110.0,-110.0,0.5380979514174482,0.4619020485825518,0.038097951417448206,-0.038097951417448206,OVER,0.02727790725149204,-116,116,35.00366675156447,4.742587317756681,35.00366675156447
2026-10-11 00:00:00,2026-10-11 01:00 PM ET,2026,5,,IND,PIT,IND,PIT,nflverse,47.5,45.78183094704528,-1.718169052954721,-110.0,-110.0,0.450237217805088,0.549762782194912,-0.04976278219491198,0.049762782194912036,UNDER,0.049547129644832044,122,-122,4.742587317756681,52.75156446955055,52.75156446955055
2026-10-11 00:00:00,2026-10-11 01:00 PM ET,2026,5,,LV,NE,LV,NE,nflverse,44.5,45.052382449861916,0.5523824498619163,-110.0,-110.0,0.5160358709021562,0.4839641290978438,0.01603587090215619,-0.01603587090215619,OVER,-0.014840610095883666,-107,107,11.943851146539098,4.742587317756681,11.943851146539098
2026-10-11 00:00:00,2026-10-11 01:00 PM ET,2026,5,,MIN,NO,MIN,NO,nflverse,44.5,45.28865678602626,0.7886567860262588,-110.0,-110.0,0.5228886013046642,0.4771113986953358,0.02288860130466419,-0.02288860130466419,OVER,-0.0017581247820047663,-110,110,17.229304173750492,4.742587317756681,17.229304173750492
2026-10-11 00:00:00,2026-10-11 01:00 PM ET,2026,5,,NYG,WAS,NYG,WAS,nflverse,48.5,42.018987372696515,-6.481012627303485,-110.0,-110.0,0.318556277059871,0.681443722940129,-0.181443722940129,0.181443722940129,UNDER,0.3009380165220644,214,-214,4.742587317756681,99.9761340181152,99.9761340181152
2026-10-11 00:00:00,2026-10-11 09:30 AM ET,2026,5,,PHI,JAX,PHI,JAX,nflverse,45.5,46.200642554111006,0.7006425541110062,-110.0,-110.0,0.5203365822927676,0.4796634177072324,0.02033658229276758,-0.02033658229276758,OVER,-0.006630161077443741,-108,108,15.072019381960903,4.742587317756681,15.072019381960903
2026-10-11 00:00:00,2026-10-11 04:25 PM ET,2026,5,,SF,SEA,SF,SEA,nflverse,48.5,46.16678761042618,-2.3332123895738235,-110.0,-110.0,0.4325719968315769,0.5674280031684231,-0.06742800316842312,0.06742800316842312,UNDER,0.08327164241244411,131,-131,4.742587317756681,77.10501085363619,77.10501085363619
2026-10-12 00:00:00,2026-10-12 08:15 PM ET,2026,5,,BUF,LA,BUF,LA,nflverse,53.5,53.80291160918324,0.30291160918324067,-110.0,-110.0,0.5087952950164326,0.4912047049835674,0.008795295016432614,-0.008795295016432614,OVER,-0.028663527695901414,-104,104,7.941704769641355,4.742587317756681,7.941704769641355
2026-10-15 00:00:00,2026-10-15 08:15 PM ET,2026,6,,SEA,DEN,SEA,DEN,nflverse,43.5,43.604035300783295,0.10403530078329482,-110.0,-110.0,0.5030209689098392,0.49697903109016084,0.0030209689098391612,-0.0030209689098391612,OVER,-0.03968724117212524,-101,101,5.672250601328267,4.742587317756681,5.672250601328267
2026-10-18 00:00:00,2026-10-18 04:05 PM ET,2026,6,,ARI,LA,ARI,LA,nflverse,47.5,52.00140915891356,4.50140915891356,-110.0,-110.0,0.6284112537570943,0.3715887462429057,0.12841125375709428,-0.12841125375709428,OVER,0.1996942117180891,-169,169,99.34758777582894,4.742587317756681,99.34758777582894
2026-10-18 00:00:00,2026-10-18 01:00 PM ET,2026,6,,BAL,CLE,BAL,CLE,nflverse,44.5,42.03238422221938,-2.4676157777806225,-110.0,-110.0,0.4287282988993595,0.5712717011006405,-0.07127170110064052,0.07127170110064052,UNDER,0.09060961119213184,133,-133,4.742587317756681,81.06871553719235,81.06871553719235
2026-10-18 00:00:00,2026-10-18 04:25 PM ET,2026,6,,BUF,LV,BUF,LV,nflverse,47.5,45.08520985823339,-2.414790141766609,-110.0,-110.0,0.4302382329841948,0.5697617670158053,-0.06976176701580522,0.06976176701580528,UNDER,0.0877270097574464,132,-132,4.742587317756681,79.57776462775256,79.57776462775256
2026-10-18 00:00:00,2026-10-18 01:00 PM ET,2026,6,,CAR,PHI,CAR,PHI,nflverse,43.5,41.220001525122655,-2.2799984748773454,-110.0,-110.0,0.4340956062749159,0.565904393725084,-0.06590439372508411,0.06590439372508405,UNDER,0.08036293347516044,130,-130,4.742587317756681,75.38077463956282,75.38077463956282
2026-10-18 00:00:00,2026-10-18 01:00 PM ET,2026,6,,CHI,ATL,CHI,ATL,nflverse,47.5,45.93669689962468,-1.5633031003753217,-110.0,-110.0,0.45470226744095815,0.5452977325590418,-0.04529773255904185,0.04529773255904179,UNDER,0.04102294397635248,120,-120,4.742587317756681,45.78771511220048,45.78771511220048
2026-10-18 00:00:00,2026-10-18 08:20 PM ET,2026,6,,DAL,GB,DAL,GB,nflverse,51.5,45.783586725519854,-5.716413274480146,-110.0,-110.0,0.338673491756708,0.661326508243292,-0.16132650824329198,0.16132650824329198,UNDER,0.2625324248281028,195,-195,4.742587317756681,99.91613740196037,99.91613740196037
2026-10-18 00:00:00,2026-10-18 09:30 AM ET,2026,6,,HOU,JAX,HOU,JAX,nflverse,42.5,47.32808652147129,4.828086521471292,-110.0,-110.0,0.6373658434110462,0.3626341565889538,0.13736584341104618,-0.13736584341104618,OVER,0.2167893374210882,-176,176,99.62616486104774,4.742587317756681,99.62616486104774
2026-10-18 00:00:00,2026-10-18 04:25 PM ET,2026,6,,LAC,KC,LAC,KC,nflverse,46.5,36.240459666777916,-10.259540333222084,-110.0,-110.0,0.22760086428833454,0.7723991357116655,-0.27239913571166546,0.2723991357116655,UNDER,0.4745801681768159,339,-339,4.742587317756681,99.99991889586462,99.99991889586462
2026-10-18 00:00:00,2026-10-18 01:00 PM ET,2026,6,,NO,NYG,NO,NYG,nflverse,44.5,44.16438225824636,-0.33561774175363723,-110.0,-110.0,0.4902552344247442,0.5097447655752558,-0.009744765575255776,0.009744765575255832,UNDER,-0.026850902083602524,104,-104,4.742587317756681,8.386524732407919,8.386524732407919
2026-10-18 00:00:00,2026-10-18 01:00 PM ET,2026,6,,NYJ,NE,NYJ,NE,nflverse,42.5,45.370230027751376,2.8702300277513757,-110.0,-110.0,0.5827439597717299,0.4172560402282701,0.08274395977172988,-0.08274395977172988,OVER,0.11251119592784797,-140,140,89.76606165748518,4.742587317756681,89.76606165748518
2026-10-18 00:00:00,2026-10-18 01:00 PM ET,2026,6,,PIT,TB,PIT,TB,nflverse,45.5,42.52605948597369,-2.97394051402631,-110.0,-110.0,0.4143118353889861,0.5856881646110139,-0.08568816461101392,0.08568816461101392,UNDER,0.11813195062102655,141,-141,4.742587317756681,91.33712191695554,91.33712191695554
2026-10-18 00:00:00,2026-10-18 01:00 PM ET,2026,6,,TEN,IND,TEN,IND,nflverse,47.5,45.484853196271196,-2.015146803728804,-110.0,-110.0,0.4416929156405334,0.5583070843594666,-0.05830708435946658,0.05830708435946663,UNDER,0.06585897923170903,126,-126,4.742587317756681,65.57006265990827,65.57006265990827
2026-10-19 00:00:00,2026-10-19 08:15 PM ET,2026,6,,WAS,SF,WAS,SF,nflverse,50.5,46.111642613201724,-4.388357386798276,-110.0,-110.0,0.3747041635436327,0.6252958364563673,-0.12529583645636733,0.12529583645636733,UNDER,0.19374659687124673,167,-167,4.742587317756681,99.2084534206494,99.2084534206494
2026-10-22 00:00:00,2026-10-22 08:15 PM ET,2026,7,,NE,CHI,NE,CHI,nflverse,47.5,47.721552373831315,0.2215523738313152,-110.0,-110.0,0.5064332031146642,0.4935667968853358,0.006433203114664221,-0.006433203114664221,OVER,-0.033172975872004684,-103,103,6.927209581670537,4.742587317756681,6.927209581670537
2026-10-25 00:00:00,2026-10-25 01:00 PM ET,2026,7,,CIN,BAL,CIN,BAL,nflverse,51.5,45.03484262480898,-6.465157375191019,-110.0,-110.0,0.31896831514504465,0.6810316848549554,-0.18103168485495535,0.18103168485495535,UNDER,0.30015139835946025,214,-214,4.742587317756681,99.97551158258061,99.97551158258061
2026-10-25 00:00:00,2026-10-25 01:00 PM ET,2026,7,,IND,MIN,IND,MIN,nflverse,46.5,47.89417518476776,1.3941751847677608,-110.0,-110.0,0.5404149590717412,0.4595850409282588,0.0404149590717412,-0.0404149590717412,OVER,0.03170128550059681,-118,118,38.365455129192384,4.742587317756681,38.365455129192384
2026-10-25 00:00:00,2026-10-25 01:00 PM ET,2026,7,,MIA,NYJ,MIA,NYJ,nflverse,41.5,41.36686239807482,-0.13313760192517776,-110.0,-110.0,0.49613398431312294,0.5038660156868771,-0.0038660156868770557,0.0038660156868770557,UNDER,-0.038073970052325656,102,-102,4.742587317756681,5.961545555660329,5.961545555660329
2026-10-25 00:00:00,2026-10-25 01:00 PM ET,2026,7,,NYG,HOU,NYG,HOU,nflverse,43.5,46.285197031504275,2.785197031504275,-110.0,-110.0,0.5803265102279485,0.41967348977205154,0.08032651022794846,-0.08032651022794846,OVER,0.10789606498062887,-138,138,88.29230757860182,4.742587317756681,88.29230757860182
2026-10-25 00:00:00,2026-10-25 09:30 AM ET,2026,7,,PIT,NO,PIT,NO,nflverse,42.5,46.66213116071019,4.162131160710189,-110.0,-110.0,0.6190371913994441,0.38096280860055587,0.11903719139944413,-0.11903719139944413,OVER,0.18179827448984787,-162,162,98.83395606409012,4.742587317756681,98.83395606409012
2026-10-25 00:00:00,2026-10-25 01:00 PM ET,2026,7,,SF,ATL,SF,ATL,nflverse,47.5,47.563670883730296,0.06367088373029617,-110.0,-110.0,0.501848881182723,0.498151118817277,0.0018488811827229723,-0.0018488811827229723,OVER,-0.04192486319661981,-101,101,5.292788442726559,4.742587317756681,5.292788442726559
2026-10-25 00:00:00,2026-10-25 01:00 PM ET,2026,7,,TB,CAR,TB,CAR,nflverse,45.5,40.79115767314249,-4.708842326857507,-110.0,-110.0,0.36589437092503285,0.6341056290749671,-0.13410562907496715,0.13410562907496715,UNDER,0.21056529187039186,173,-173,4.742587317756681,99.54206202437325,99.54206202437325
